Province,Institution,Record_Type,Academic_Year,Academic_Year_Start,Academic_Year_End,Enrolment,Canadian,International,International_Share_Pct,Canadian_Share_Pct,Status_Sum_Difference
Alberta,Alberta,Province Total,2014/2015,2014,2015,184026,167463.0,16458.0,8.943301490006847,90.99964135502591,105.0
Alberta,Alberta,Province Total,2015/2016,2015,2016,185679,167946.0,17478.0,9.413019242886918,90.4496469713861,255.0
Alberta,Alberta,Province Total,2016/2017,2016,2017,190947,172506.0,18303.0,9.5853823312228,90.34234630551933,138.0
Alberta,Alberta,Province Total,2017/2018,2017,2018,194010,175065.0,18798.0,9.689191278800061,90.23503943095716,147.0
Alberta,Alberta,Province Total,2018/2019,2018,2019,200391,178617.0,21663.0,10.810365734988098,89.1342425558034,111.0
Alberta,Alberta,Province Total,2019/2020,2019,2020,203823,179178.0,24636.0,12.086957801621995,87.90862660249334,9.0
Alberta,Alberta,Province Total,2020/2021,2020,2021,203523,179850.0,23667.0,11.628661134122433,88.36839079612623,6.0
Alberta,Alberta,Province Total,2021/2022,2021,2022,203580,178239.0,25311.0,12.432950191570882,87.55231358679634,30.0
Alberta,Alberta,Province Total,2022/2023,2022,2023,205734,175698.0,30018.0,14.590685059348479,85.40056577911284,18.0
Alberta,Alberta,Province Total,2023/2024,2023,2024,216957,179535.0,37416.0,17.245813686583055,82.75142078845117,6.0
Alberta,Alberta University of the Arts,Institution,2014/2015,2014,2015,1116,1047.0,63.0,5.64516129032258,93.81720430107528,6.0
Alberta,Alberta University of the Arts,Institution,2015/2016,2015,2016,1158,1083.0,69.0,5.958549222797927,93.52331606217616,6.0
Alberta,Alberta University of the Arts,Institution,2016/2017,2016,2017,1140,1068.0,66.0,5.7894736842105265,93.6842105263158,6.0
Alberta,Alberta University of the Arts,Institution,2017/2018,2017,2018,1107,1026.0,81.0,7.317073170731707,92.6829268292683,0.0
Alberta,Alberta University of the Arts,Institution,2018/2019,2018,2019,1077,993.0,87.0,8.07799442896936,92.20055710306406,-3.0
Alberta,Alberta University of the Arts,Institution,2019/2020,2019,2020,1143,1056.0,90.0,7.874015748031496,92.38845144356955,-3.0
Alberta,Alberta University of the Arts,Institution,2020/2021,2020,2021,1110,1017.0,87.0,7.837837837837839,91.62162162162161,6.0
Alberta,Alberta University of the Arts,Institution,2021/2022,2021,2022,1089,1011.0,78.0,7.162534435261708,92.8374655647383,0.0
Alberta,Alberta University of the Arts,Institution,2022/2023,2022,2023,1131,1026.0,102.0,9.018567639257293,90.71618037135278,3.0
Alberta,Alberta University of the Arts,Institution,2023/2024,2023,2024,1200,1101.0,99.0,8.25,91.75,0.0
Alberta,Ambrose University,Institution,2014/2015,2014,2015,519,501.0,18.0,3.4682080924855487,96.53179190751445,0.0
Alberta,Ambrose University,Institution,2015/2016,2015,2016,576,555.0,15.0,2.604166666666667,96.35416666666666,6.0
Alberta,Ambrose University,Institution,2016/2017,2016,2017,612,588.0,27.0,4.411764705882353,96.07843137254902,-3.0
Alberta,Ambrose University,Institution,2017/2018,2017,2018,606,576.0,30.0,4.9504950495049505,95.04950495049505,0.0
Alberta,Ambrose University,Institution,2018/2019,2018,2019,594,567.0,30.0,5.05050505050505,95.45454545454545,-3.0
Alberta,Ambrose University,Institution,2019/2020,2019,2020,573,564.0,9.0,1.5706806282722512,98.42931937172776,0.0
Alberta,Ambrose University,Institution,2020/2021,2020,2021,600,567.0,30.0,5.0,94.5,3.0
Alberta,Ambrose University,Institution,2021/2022,2021,2022,546,531.0,15.0,2.7472527472527473,97.25274725274726,0.0
Alberta,Ambrose University,Institution,2022/2023,2022,2023,537,510.0,27.0,5.027932960893855,94.97206703910615,0.0
Alberta,Ambrose University,Institution,2023/2024,2023,2024,552,510.0,39.0,7.065217391304348,92.3913043478261,3.0
Alberta,Athabasca University,Institution,2014/2015,2014,2015,17577,17211.0,354.0,2.013995562382659,97.91773340160437,12.0
Alberta,Athabasca University,Institution,2015/2016,2015,2016,17331,16860.0,429.0,2.4753332179331835,97.2823264670244,42.0
Alberta,Athabasca University,Institution,2016/2017,2016,2017,17346,16836.0,468.0,2.698028363887928,97.05984088550674,42.0
Alberta,Athabasca University,Institution,2017/2018,2017,2018,16941,16371.0,531.0,3.1344076500796882,96.63538161855853,39.0
Alberta,Athabasca University,Institution,2018/2019,2018,2019,18561,17979.0,537.0,2.8931630838855664,96.86439308226927,45.0
Alberta,Athabasca University,Institution,2019/2020,2019,2020,18930,18279.0,651.0,3.438985736925515,96.56101426307448,0.0
Alberta,Athabasca University,Institution,2020/2021,2020,2021,20535,19908.0,630.0,3.0679327976625275,96.94667640613586,-3.0
Alberta,Athabasca University,Institution,2021/2022,2021,2022,17127,16668.0,456.0,2.6624627780697145,97.32002101944298,3.0
Alberta,Athabasca University,Institution,2022/2023,2022,2023,16458,16008.0,450.0,2.7342325920524972,97.26576740794751,0.0
Alberta,Athabasca University,Institution,2023/2024,2023,2024,16005,15486.0,516.0,3.223992502343018,96.7572633552015,3.0
Alberta,Bow Valley College,Institution,2014/2015,2014,2015,6891,6429.0,465.0,6.7479320853286895,93.2956029603831,-3.0
Alberta,Bow Valley College,Institution,2015/2016,2015,2016,7056,6477.0,579.0,8.20578231292517,91.79421768707483,0.0
Alberta,Bow Valley College,Institution,2016/2017,2016,2017,7242,6528.0,714.0,9.859154929577464,90.14084507042254,0.0
Alberta,Bow Valley College,Institution,2017/2018,2017,2018,7506,6420.0,1023.0,13.629096722621902,85.53157474020784,63.0
Alberta,Bow Valley College,Institution,2018/2019,2018,2019,8451,6813.0,1575.0,18.636847710330137,80.61767838125665,63.0
Alberta,Bow Valley College,Institution,2019/2020,2019,2020,8445,6642.0,1803.0,21.349911190053287,78.65008880994672,0.0
Alberta,Bow Valley College,Institution,2020/2021,2020,2021,7032,5481.0,1551.0,22.05631399317406,77.94368600682594,0.0
Alberta,Bow Valley College,Institution,2021/2022,2021,2022,7170,5613.0,1545.0,21.548117154811717,78.2845188284519,12.0
Alberta,Bow Valley College,Institution,2022/2023,2022,2023,8022,5949.0,2073.0,25.841436050860132,74.15856394913986,0.0
Alberta,Bow Valley College,Institution,2023/2024,2023,2024,8931,6252.0,2679.0,29.99664091367148,70.00335908632852,0.0
Alberta,Burman University,Institution,2014/2015,2014,2015,474,423.0,51.0,10.759493670886076,89.24050632911393,0.0
Alberta,Burman University,Institution,2015/2016,2015,2016,471,414.0,57.0,12.101910828025478,87.89808917197452,0.0
Alberta,Burman University,Institution,2016/2017,2016,2017,456,390.0,63.0,13.815789473684212,85.52631578947368,3.0
Alberta,Burman University,Institution,2017/2018,2017,2018,435,375.0,63.0,14.482758620689657,86.20689655172413,-3.0
Alberta,Burman University,Institution,2018/2019,2018,2019,435,351.0,84.0,19.310344827586206,80.6896551724138,0.0
Alberta,Burman University,Institution,2019/2020,2019,2020,459,366.0,93.0,20.26143790849673,79.73856209150327,0.0
Alberta,Burman University,Institution,2020/2021,2020,2021,390,300.0,90.0,23.076923076923077,76.92307692307693,0.0
Alberta,Burman University,Institution,2021/2022,2021,2022,339,273.0,69.0,20.353982300884958,80.53097345132744,-3.0
Alberta,Burman University,Institution,2022/2023,2022,2023,348,288.0,60.0,17.24137931034483,82.75862068965517,0.0
Alberta,Burman University,Institution,2023/2024,2023,2024,333,261.0,72.0,21.62162162162162,78.37837837837837,0.0
Alberta,Concordia University of Edmonton,Institution,2014/2015,2014,2015,1506,1368.0,138.0,9.163346613545817,90.83665338645417,0.0
Alberta,Concordia University of Edmonton,Institution,2015/2016,2015,2016,1686,1539.0,147.0,8.718861209964412,91.28113879003558,0.0
Alberta,Concordia University of Edmonton,Institution,2016/2017,2016,2017,1878,1707.0,168.0,8.945686900958465,90.89456869009584,3.0
Alberta,Concordia University of Edmonton,Institution,2017/2018,2017,2018,2001,1848.0,156.0,7.796101949025487,92.35382308845578,-3.0
Alberta,Concordia University of Edmonton,Institution,2018/2019,2018,2019,2235,1980.0,255.0,11.409395973154362,88.59060402684564,0.0
Alberta,Concordia University of Edmonton,Institution,2019/2020,2019,2020,2679,2226.0,453.0,16.90929451287794,83.09070548712207,0.0
Alberta,Concordia University of Edmonton,Institution,2020/2021,2020,2021,2997,2454.0,546.0,18.21821821821822,81.88188188188188,-3.0
Alberta,Concordia University of Edmonton,Institution,2021/2022,2021,2022,2817,2376.0,444.0,15.761448349307775,84.34504792332268,-3.0
Alberta,Concordia University of Edmonton,Institution,2022/2023,2022,2023,2628,2178.0,453.0,17.23744292237443,82.87671232876713,-3.0
Alberta,Concordia University of Edmonton,Institution,2023/2024,2023,2024,2568,2076.0,495.0,19.27570093457944,80.8411214953271,-3.0
Alberta,Grant MacEwan University,Institution,2014/2015,2014,2015,15870,14868.0,1005.0,6.332703213610586,93.68620037807183,-3.0
Alberta,Grant MacEwan University,Institution,2015/2016,2015,2016,15951,14772.0,1179.0,7.391386119992477,92.60861388000751,0.0
Alberta,Grant MacEwan University,Institution,2016/2017,2016,2017,15897,14865.0,1035.0,6.510662389130024,93.50820909605586,-3.0
Alberta,Grant MacEwan University,Institution,2017/2018,2017,2018,16206,15195.0,1011.0,6.23843021103295,93.76156978896705,0.0
Alberta,Grant MacEwan University,Institution,2018/2019,2018,2019,15894,14979.0,912.0,5.738014345035863,94.24311060777652,3.0
Alberta,Grant MacEwan University,Institution,2019/2020,2019,2020,15639,14949.0,690.0,4.412046806061769,95.58795319393823,0.0
Alberta,Grant MacEwan University,Institution,2020/2021,2020,2021,15780,15294.0,486.0,3.079847908745247,96.92015209125475,0.0
Alberta,Grant MacEwan University,Institution,2021/2022,2021,2022,15501,14973.0,525.0,3.3868782659183276,96.59376814399072,3.0
Alberta,Grant MacEwan University,Institution,2022/2023,2022,2023,15249,14676.0,570.0,3.737950029510132,96.24237654928191,3.0
Alberta,Grant MacEwan University,Institution,2023/2024,2023,2024,16101,15342.0,762.0,4.732625302776225,95.28600708030557,-3.0
Alberta,Keyano College,Institution,2014/2015,2014,2015,1434,1359.0,72.0,5.02092050209205,94.76987447698745,3.0
Alberta,Keyano College,Institution,2015/2016,2015,2016,1254,1167.0,90.0,7.177033492822966,93.0622009569378,-3.0
Alberta,Keyano College,Institution,2016/2017,2016,2017,1146,1044.0,102.0,8.900523560209423,91.09947643979058,0.0
Alberta,Keyano College,Institution,2017/2018,2017,2018,1242,1149.0,93.0,7.487922705314009,92.512077294686,0.0
Alberta,Keyano College,Institution,2018/2019,2018,2019,1326,1254.0,69.0,5.203619909502263,94.57013574660633,3.0
Alberta,Keyano College,Institution,2019/2020,2019,2020,1332,1236.0,96.0,7.207207207207207,92.7927927927928,0.0
Alberta,Keyano College,Institution,2020/2021,2020,2021,1086,993.0,93.0,8.56353591160221,91.4364640883978,0.0
Alberta,Keyano College,Institution,2021/2022,2021,2022,1194,1062.0,135.0,11.306532663316583,88.94472361809045,-3.0
Alberta,Keyano College,Institution,2022/2023,2022,2023,1311,1014.0,294.0,22.42562929061785,77.34553775743707,3.0
Alberta,Keyano College,Institution,2023/2024,2023,2024,1809,1053.0,756.0,41.7910447761194,58.2089552238806,0.0
Alberta,Lakeland College,Institution,2014/2015,2014,2015,1959,1908.0,51.0,2.6033690658499236,97.39663093415007,0.0
Alberta,Lakeland College,Institution,2015/2016,2015,2016,2058,2019.0,39.0,1.8950437317784257,98.10495626822157,0.0
Alberta,Lakeland College,Institution,2016/2017,2016,2017,2241,2169.0,72.0,3.2128514056224895,96.78714859437751,0.0
Alberta,Lakeland College,Institution,2017/2018,2017,2018,2361,2226.0,138.0,5.844980940279543,94.28208386277002,-3.0
Alberta,Lakeland College,Institution,2018/2019,2018,2019,2493,2226.0,264.0,10.589651022864018,89.29001203369434,3.0
Alberta,Lakeland College,Institution,2019/2020,2019,2020,2427,2172.0,255.0,10.506798516687269,89.49320148331273,0.0
Alberta,Lakeland College,Institution,2020/2021,2020,2021,2073,1896.0,174.0,8.393632416787264,91.4616497829233,3.0
Alberta,Lakeland College,Institution,2021/2022,2021,2022,2226,2097.0,132.0,5.929919137466308,94.20485175202157,-3.0
Alberta,Lakeland College,Institution,2022/2023,2022,2023,2343,2202.0,141.0,6.017925736235595,93.9820742637644,0.0
Alberta,Lakeland College,Institution,2023/2024,2023,2024,2469,2265.0,204.0,8.262454434993925,91.73754556500607,0.0
Alberta,Lethbridge College,Institution,2014/2015,2014,2015,4413,4209.0,204.0,4.622705642420122,95.37729435757988,0.0
Alberta,Lethbridge College,Institution,2015/2016,2015,2016,4332,4137.0,198.0,4.570637119113574,95.49861495844875,-3.0
Alberta,Lethbridge College,Institution,2016/2017,2016,2017,4509,4275.0,234.0,5.189620758483033,94.81037924151696,0.0
Alberta,Lethbridge College,Institution,2017/2018,2017,2018,4584,4356.0,231.0,5.039267015706806,95.02617801047121,-3.0
Alberta,Lethbridge College,Institution,2018/2019,2018,2019,4845,4401.0,444.0,9.1640866873065,90.83591331269349,0.0
Alberta,Lethbridge College,Institution,2019/2020,2019,2020,5040,4425.0,615.0,12.202380952380953,87.79761904761905,0.0
Alberta,Lethbridge College,Institution,2020/2021,2020,2021,4707,4206.0,501.0,10.64372211599745,89.35627788400254,0.0
Alberta,Lethbridge College,Institution,2021/2022,2021,2022,4626,4194.0,432.0,9.33852140077821,90.6614785992218,0.0
Alberta,Lethbridge College,Institution,2022/2023,2022,2023,4734,4089.0,645.0,13.624841571609632,86.37515842839036,0.0
Alberta,Lethbridge College,Institution,2023/2024,2023,2024,5103,3972.0,1131.0,22.163433274544385,77.83656672545561,0.0
Alberta,Medicine Hat College,Institution,2014/2015,2014,2015,2271,2037.0,234.0,10.303830911492733,89.69616908850726,0.0
Alberta,Medicine Hat College,Institution,2015/2016,2015,2016,2283,2070.0,213.0,9.329829172141919,90.67017082785807,0.0
Alberta,Medicine Hat College,Institution,2016/2017,2016,2017,2397,2181.0,216.0,9.011264080100124,90.98873591989988,0.0
Alberta,Medicine Hat College,Institution,2017/2018,2017,2018,2355,2103.0,252.0,10.70063694267516,89.29936305732484,0.0
Alberta,Medicine Hat College,Institution,2018/2019,2018,2019,2310,2016.0,291.0,12.597402597402596,87.27272727272727,3.0
Alberta,Medicine Hat College,Institution,2019/2020,2019,2020,2184,1881.0,303.0,13.873626373626374,86.12637362637363,0.0
Alberta,Medicine Hat College,Institution,2020/2021,2020,2021,2088,1884.0,207.0,9.913793103448276,90.22988505747126,-3.0
Alberta,Medicine Hat College,Institution,2021/2022,2021,2022,2019,1833.0,186.0,9.212481426448738,90.78751857355127,0.0
Alberta,Medicine Hat College,Institution,2022/2023,2022,2023,2082,1821.0,261.0,12.536023054755043,87.46397694524497,0.0
Alberta,Medicine Hat College,Institution,2023/2024,2023,2024,2268,1911.0,357.0,15.74074074074074,84.25925925925925,0.0
Alberta,Mount Royal University,Institution,2014/2015,2014,2015,12372,11895.0,420.0,3.394762366634336,96.14451988360815,57.0
Alberta,Mount Royal University,Institution,2015/2016,2015,2016,12216,11712.0,405.0,3.315324165029469,95.87426326129666,99.0
Alberta,Mount Royal University,Institution,2016/2017,2016,2017,12675,12216.0,420.0,3.3136094674556213,96.37869822485207,39.0
Alberta,Mount Royal University,Institution,2017/2018,2017,2018,13209,12837.0,351.0,2.6572791278673633,97.18373836020895,21.0
Alberta,Mount Royal University,Institution,2018/2019,2018,2019,13362,13005.0,357.0,2.6717557251908395,97.32824427480917,0.0
Alberta,Mount Royal University,Institution,2019/2020,2019,2020,13674,13326.0,348.0,2.5449758666081617,97.45502413339184,0.0
Alberta,Mount Royal University,Institution,2020/2021,2020,2021,14019,13677.0,342.0,2.4395463299807405,97.56045367001927,0.0
Alberta,Mount Royal University,Institution,2021/2022,2021,2022,14346,13989.0,354.0,2.46758678377248,97.51150146382267,3.0
Alberta,Mount Royal University,Institution,2022/2023,2022,2023,14187,13746.0,438.0,3.0873334743074645,96.8915204060055,3.0
Alberta,Mount Royal University,Institution,2023/2024,2023,2024,14709,14169.0,540.0,3.671221700999388,96.32877829900062,0.0
Alberta,NorQuest College,Institution,2014/2015,2014,2015,4212,4113.0,99.0,2.3504273504273505,97.64957264957265,0.0
Alberta,NorQuest College,Institution,2015/2016,2015,2016,5097,4827.0,204.0,4.002354326074161,94.70276633313715,66.0
Alberta,NorQuest College,Institution,2016/2017,2016,2017,6111,5745.0,366.0,5.989199803632793,94.0108001963672,0.0
Alberta,NorQuest College,Institution,2017/2018,2017,2018,6345,5865.0,477.0,7.5177304964539005,92.43498817966903,3.0
Alberta,NorQuest College,Institution,2018/2019,2018,2019,7035,6093.0,942.0,13.390191897654585,86.60980810234543,0.0
Alberta,NorQuest College,Institution,2019/2020,2019,2020,7536,6294.0,1245.0,16.520700636942674,83.51910828025477,-3.0
Alberta,NorQuest College,Institution,2020/2021,2020,2021,7143,5961.0,1182.0,16.547669046619067,83.45233095338094,0.0
Alberta,NorQuest College,Institution,2021/2022,2021,2022,7821,6237.0,1569.0,20.061373225930186,79.74683544303798,15.0
Alberta,NorQuest College,Institution,2022/2023,2022,2023,8781,6675.0,2106.0,23.983600956610864,76.01639904338914,0.0
Alberta,NorQuest College,Institution,2023/2024,2023,2024,10299,6654.0,3645.0,35.39178561025342,64.60821438974658,0.0
Alberta,Northern Alberta Institute of Technology,Institution,2014/2015,2014,2015,10833,9603.0,1215.0,11.215729714760455,88.6458044862919,15.0
Alberta,Northern Alberta Institute of Technology,Institution,2015/2016,2015,2016,11784,10416.0,1326.0,11.25254582484725,88.39103869653768,42.0
Alberta,Northern Alberta Institute of Technology,Institution,2016/2017,2016,2017,12687,11217.0,1422.0,11.208323480728305,88.41333648616694,48.0
Alberta,Northern Alberta Institute of Technology,Institution,2017/2018,2017,2018,12972,11631.0,1338.0,10.314523589269195,89.66234967622572,3.0
Alberta,Northern Alberta Institute of Technology,Institution,2018/2019,2018,2019,13194,11778.0,1416.0,10.732150977717145,89.26784902228285,0.0
Alberta,Northern Alberta Institute of Technology,Institution,2019/2020,2019,2020,13242,11499.0,1743.0,13.162664250113277,86.83733574988672,0.0
Alberta,Northern Alberta Institute of Technology,Institution,2020/2021,2020,2021,12909,11082.0,1827.0,14.152916569835,85.847083430165,0.0
Alberta,Northern Alberta Institute of Technology,Institution,2021/2022,2021,2022,12723,10998.0,1725.0,13.55812308417826,86.44187691582174,0.0
Alberta,Northern Alberta Institute of Technology,Institution,2022/2023,2022,2023,12123,10083.0,2037.0,16.8027715911903,83.1724820588963,3.0
Alberta,Northern Alberta Institute of Technology,Institution,2023/2024,2023,2024,12993,10533.0,2460.0,18.933271761717847,81.06672823828215,0.0
Alberta,Northern Lakes College,Institution,2014/2015,2014,2015,1389,1371.0,21.0,1.511879049676026,98.70410367170626,-3.0
Alberta,Northern Lakes College,Institution,2015/2016,2015,2016,1185,1173.0,12.0,1.0126582278481013,98.9873417721519,0.0
Alberta,Northern Lakes College,Institution,2016/2017,2016,2017,1278,1269.0,9.0,0.7042253521126761,99.29577464788733,0.0
Alberta,Northern Lakes College,Institution,2017/2018,2017,2018,1413,1410.0,3.0,0.21231422505307856,99.78768577494692,0.0
Alberta,Northern Lakes College,Institution,2018/2019,2018,2019,1416,1413.0,0.0,0.0,99.78813559322035,3.0
Alberta,Northern Lakes College,Institution,2019/2020,2019,2020,1377,1374.0,3.0,0.2178649237472767,99.78213507625271,0.0
Alberta,Northern Lakes College,Institution,2020/2021,2020,2021,1434,1422.0,9.0,0.6276150627615062,99.16317991631799,3.0
Alberta,Northern Lakes College,Institution,2021/2022,2021,2022,1581,1566.0,9.0,0.5692599620493358,99.05123339658444,6.0
Alberta,Northern Lakes College,Institution,2022/2023,2022,2023,1749,1737.0,9.0,0.5145797598627788,99.31389365351629,3.0
Alberta,Northern Lakes College,Institution,2023/2024,2023,2024,1944,1929.0,18.0,0.9259259259259258,99.22839506172839,-3.0
Alberta,Northwestern Polytechnic,Institution,2014/2015,2014,2015,1995,1959.0,39.0,1.954887218045113,98.19548872180451,-3.0
Alberta,Northwestern Polytechnic,Institution,2015/2016,2015,2016,1947,1893.0,57.0,2.9275808936825887,97.22650231124807,-3.0
Alberta,Northwestern Polytechnic,Institution,2016/2017,2016,2017,1971,1926.0,45.0,2.28310502283105,97.71689497716895,0.0
Alberta,Northwestern Polytechnic,Institution,2017/2018,2017,2018,1935,1884.0,51.0,2.635658914728682,97.36434108527132,0.0
Alberta,Northwestern Polytechnic,Institution,2018/2019,2018,2019,1953,1866.0,90.0,4.6082949308755765,95.54531490015361,-3.0
Alberta,Northwestern Polytechnic,Institution,2019/2020,2019,2020,2046,1860.0,186.0,9.090909090909092,90.9090909090909,0.0
Alberta,Northwestern Polytechnic,Institution,2020/2021,2020,2021,1764,1617.0,147.0,8.333333333333332,91.66666666666666,0.0
Alberta,Northwestern Polytechnic,Institution,2021/2022,2021,2022,1701,1599.0,99.0,5.82010582010582,94.00352733686067,3.0
Alberta,Northwestern Polytechnic,Institution,2022/2023,2022,2023,1632,1500.0,135.0,8.272058823529411,91.91176470588235,-3.0
Alberta,Northwestern Polytechnic,Institution,2023/2024,2023,2024,1908,1605.0,300.0,15.723270440251572,84.11949685534591,3.0
Alberta,Olds College,Institution,2014/2015,2014,2015,1371,1329.0,42.0,3.063457330415755,96.93654266958424,0.0
Alberta,Olds College,Institution,2015/2016,2015,2016,1170,1140.0,30.0,2.564102564102564,97.43589743589743,0.0
Alberta,Olds College,Institution,2016/2017,2016,2017,1167,1137.0,30.0,2.570694087403599,97.42930591259639,0.0
Alberta,Olds College,Institution,2017/2018,2017,2018,1236,1194.0,42.0,3.3980582524271843,96.60194174757282,0.0
Alberta,Olds College,Institution,2018/2019,2018,2019,1365,1248.0,114.0,8.35164835164835,91.42857142857143,3.0
Alberta,Olds College,Institution,2019/2020,2019,2020,1461,1338.0,123.0,8.41889117043121,91.58110882956879,0.0
Alberta,Olds College,Institution,2020/2021,2020,2021,1383,1293.0,87.0,6.29067245119306,93.49240780911063,3.0
Alberta,Olds College,Institution,2021/2022,2021,2022,1518,1431.0,87.0,5.7312252964426875,94.26877470355731,0.0
Alberta,Olds College,Institution,2022/2023,2022,2023,1782,1668.0,111.0,6.228956228956229,93.60269360269359,3.0
Alberta,Olds College,Institution,2023/2024,2023,2024,2223,1797.0,426.0,19.163292847503374,80.83670715249663,0.0
Alberta,Portage College,Institution,2014/2015,2014,2015,759,756.0,3.0,0.3952569169960474,99.60474308300395,0.0
Alberta,Portage College,Institution,2015/2016,2015,2016,825,816.0,9.0,1.090909090909091,98.9090909090909,0.0
Alberta,Portage College,Institution,2016/2017,2016,2017,927,909.0,15.0,1.6181229773462782,98.05825242718447,3.0
Alberta,Portage College,Institution,2017/2018,2017,2018,933,921.0,9.0,0.964630225080386,98.71382636655949,3.0
Alberta,Portage College,Institution,2018/2019,2018,2019,987,984.0,6.0,0.60790273556231,99.69604863221885,-3.0
Alberta,Portage College,Institution,2019/2020,2019,2020,969,963.0,6.0,0.6191950464396285,99.38080495356037,0.0
Alberta,Portage College,Institution,2020/2021,2020,2021,885,882.0,0.0,0.0,99.66101694915255,3.0
Alberta,Portage College,Institution,2021/2022,2021,2022,1095,1056.0,39.0,3.5616438356164384,96.43835616438356,0.0
Alberta,Portage College,Institution,2022/2023,2022,2023,1398,1200.0,189.0,13.519313304721031,85.83690987124464,9.0
Alberta,Portage College,Institution,2023/2024,2023,2024,1569,1473.0,93.0,5.927342256214149,93.88145315487571,3.0
Alberta,Red Deer Polytechnic,Institution,2014/2015,2014,2015,3345,3279.0,66.0,1.9730941704035874,98.02690582959642,0.0
Alberta,Red Deer Polytechnic,Institution,2015/2016,2015,2016,3636,3549.0,90.0,2.4752475247524752,97.60726072607261,-3.0
Alberta,Red Deer Polytechnic,Institution,2016/2017,2016,2017,3912,3798.0,111.0,2.8374233128834354,97.08588957055214,3.0
Alberta,Red Deer Polytechnic,Institution,2017/2018,2017,2018,3951,3861.0,87.0,2.201974183750949,97.72209567198178,3.0
Alberta,Red Deer Polytechnic,Institution,2018/2019,2018,2019,4023,3909.0,117.0,2.9082774049217,97.16629381058911,-3.0
Alberta,Red Deer Polytechnic,Institution,2019/2020,2019,2020,4104,3939.0,168.0,4.093567251461988,95.97953216374269,-3.0
Alberta,Red Deer Polytechnic,Institution,2020/2021,2020,2021,3837,3654.0,183.0,4.769351055512119,95.23064894448788,0.0
Alberta,Red Deer Polytechnic,Institution,2021/2022,2021,2022,3705,3444.0,261.0,7.044534412955465,92.95546558704454,0.0
Alberta,Red Deer Polytechnic,Institution,2022/2023,2022,2023,3852,3360.0,489.0,12.694704049844235,87.22741433021807,3.0
Alberta,Red Deer Polytechnic,Institution,2023/2024,2023,2024,4242,3465.0,780.0,18.387553041018386,81.68316831683168,-3.0
Alberta,Southern Alberta Institute of Technology,Institution,2014/2015,2014,2015,14307,12915.0,1380.0,9.645628014258754,90.2704969595303,12.0
Alberta,Southern Alberta Institute of Technology,Institution,2015/2016,2015,2016,14268,12546.0,1719.0,12.04793944491169,87.93103448275862,3.0
Alberta,Southern Alberta Institute of Technology,Institution,2016/2017,2016,2017,13788,11949.0,1839.0,13.337684943429068,86.66231505657093,0.0
Alberta,Southern Alberta Institute of Technology,Institution,2017/2018,2017,2018,13041,11793.0,1245.0,9.546813894639982,90.43018173452955,3.0
Alberta,Southern Alberta Institute of Technology,Institution,2018/2019,2018,2019,13587,11988.0,1596.0,11.746522411128284,88.23139765952749,3.0
Alberta,Southern Alberta Institute of Technology,Institution,2019/2020,2019,2020,13629,11595.0,2031.0,14.902047105436935,85.0759410081444,3.0
Alberta,Southern Alberta Institute of Technology,Institution,2020/2021,2020,2021,12240,10323.0,1917.0,15.661764705882353,84.33823529411765,0.0
Alberta,Southern Alberta Institute of Technology,Institution,2021/2022,2021,2022,12312,10254.0,2058.0,16.71539961013645,83.28460038986356,0.0
Alberta,Southern Alberta Institute of Technology,Institution,2022/2023,2022,2023,12870,9750.0,3123.0,24.265734265734267,75.75757575757575,-3.0
Alberta,Southern Alberta Institute of Technology,Institution,2023/2024,2023,2024,15306,10134.0,5169.0,33.77107016856135,66.2093296746374,3.0
Alberta,St. Mary's University,Institution,2014/2015,2014,2015,732,723.0,9.0,1.2295081967213115,98.77049180327869,0.0
Alberta,St. Mary's University,Institution,2015/2016,2015,2016,771,765.0,6.0,0.7782101167315175,99.22178988326849,0.0
Alberta,St. Mary's University,Institution,2016/2017,2016,2017,789,780.0,6.0,0.7604562737642585,98.85931558935361,3.0
Alberta,St. Mary's University,Institution,2017/2018,2017,2018,888,870.0,18.0,2.027027027027027,97.97297297297297,0.0
Alberta,St. Mary's University,Institution,2018/2019,2018,2019,921,906.0,12.0,1.3029315960912053,98.37133550488599,3.0
Alberta,St. Mary's University,Institution,2019/2020,2019,2020,999,984.0,15.0,1.5015015015015014,98.49849849849849,0.0
Alberta,St. Mary's University,Institution,2020/2021,2020,2021,1020,1005.0,12.0,1.1764705882352942,98.52941176470588,3.0
Alberta,St. Mary's University,Institution,2021/2022,2021,2022,1032,1017.0,15.0,1.4534883720930232,98.54651162790698,0.0
Alberta,St. Mary's University,Institution,2022/2023,2022,2023,942,933.0,12.0,1.2738853503184715,99.04458598726114,-3.0
Alberta,St. Mary's University,Institution,2023/2024,2023,2024,924,915.0,6.0,0.6493506493506493,99.02597402597402,3.0
Alberta,The King's University,Institution,2014/2015,2014,2015,702,660.0,39.0,5.555555555555555,94.01709401709401,3.0
Alberta,The King's University,Institution,2015/2016,2015,2016,765,711.0,51.0,6.666666666666667,92.94117647058823,3.0
Alberta,The King's University,Institution,2016/2017,2016,2017,780,723.0,57.0,7.307692307692308,92.6923076923077,0.0
Alberta,The King's University,Institution,2017/2018,2017,2018,810,747.0,63.0,7.777777777777778,92.22222222222223,0.0
Alberta,The King's University,Institution,2018/2019,2018,2019,825,765.0,63.0,7.636363636363637,92.72727272727272,-3.0
Alberta,The King's University,Institution,2019/2020,2019,2020,834,747.0,87.0,10.431654676258994,89.568345323741,0.0
Alberta,The King's University,Institution,2020/2021,2020,2021,849,768.0,84.0,9.89399293286219,90.45936395759718,-3.0
Alberta,The King's University,Institution,2021/2022,2021,2022,879,804.0,78.0,8.873720136518772,91.46757679180887,-3.0
Alberta,The King's University,Institution,2022/2023,2022,2023,810,726.0,84.0,10.37037037037037,89.62962962962962,0.0
Alberta,The King's University,Institution,2023/2024,2023,2024,804,711.0,96.0,11.940298507462686,88.43283582089553,-3.0
Alberta,University of Alberta,Institution,2014/2015,2014,2015,38520,31689.0,6831.0,17.733644859813083,82.26635514018692,0.0
Alberta,University of Alberta,Institution,2015/2016,2015,2016,37716,31041.0,6672.0,17.69010499522749,82.30194082087178,3.0
Alberta,University of Alberta,Institution,2016/2017,2016,2017,38244,31467.0,6777.0,17.720426733605272,82.27957326639472,0.0
Alberta,University of Alberta,Institution,2017/2018,2017,2018,39363,32043.0,7305.0,18.558036735004954,81.40385641338312,15.0
Alberta,University of Alberta,Institution,2018/2019,2018,2019,40017,32292.0,7716.0,19.28180523277607,80.6957043256616,9.0
Alberta,University of Alberta,Institution,2019/2020,2019,2020,40590,32382.0,8205.0,20.214338507021434,79.77827050997782,3.0
Alberta,University of Alberta,Institution,2020/2021,2020,2021,42270,34329.0,7938.0,18.779276082327893,81.21362668559262,3.0
Alberta,University of Alberta,Institution,2021/2022,2021,2022,43905,35688.0,8214.0,18.708575333105568,81.28459173214895,3.0
Alberta,University of Alberta,Institution,2022/2023,2022,2023,44535,36063.0,8466.0,19.00976759851802,80.97675985180194,6.0
Alberta,University of Alberta,Institution,2023/2024,2023,2024,45306,36972.0,8331.0,18.388292941332274,81.60508541914979,3.0
Alberta,University of Calgary,Institution,2014/2015,2014,2015,31308,28200.0,3111.0,9.936757378305865,90.07282483710235,-3.0
Alberta,University of Calgary,Institution,2015/2016,2015,2016,31749,28398.0,3351.0,10.554663138996503,89.4453368610035,0.0
Alberta,University of Calgary,Institution,2016/2017,2016,2017,33189,29697.0,3492.0,10.521558347645305,89.4784416523547,0.0
Alberta,University of Calgary,Institution,2017/2018,2017,2018,33903,30195.0,3708.0,10.937085213697904,89.06291478630209,0.0
Alberta,University of Calgary,Institution,2018/2019,2018,2019,34785,30582.0,4203.0,12.082794307891334,87.91720569210867,0.0
Alberta,University of Calgary,Institution,2019/2020,2019,2020,35556,30693.0,4860.0,13.668579142760715,86.32298346270672,3.0
Alberta,University of Calgary,Institution,2020/2021,2020,2021,36543,31512.0,5031.0,13.767342582710778,86.23265741728922,0.0
Alberta,University of Calgary,Institution,2021/2022,2021,2022,37200,31029.0,6168.0,16.580645161290324,83.41129032258064,3.0
Alberta,University of Calgary,Institution,2022/2023,2022,2023,37680,30765.0,6915.0,18.351910828025478,81.64808917197452,0.0
Alberta,University of Calgary,Institution,2023/2024,2023,2024,38715,31602.0,7113.0,18.372723750484308,81.62727624951569,0.0
Alberta,University of Lethbridge,Institution,2014/2015,2014,2015,8157,7614.0,543.0,6.656859139389482,93.34314086061052,0.0
Alberta,University of Lethbridge,Institution,2015/2016,2015,2016,8406,7869.0,537.0,6.3882940756602435,93.61170592433976,0.0
Alberta,University of Lethbridge,Institution,2016/2017,2016,2017,8568,8022.0,546.0,6.372549019607843,93.62745098039215,0.0
Alberta,University of Lethbridge,Institution,2017/2018,2017,2018,8670,8169.0,501.0,5.778546712802768,94.22145328719724,0.0
Alberta,University of Lethbridge,Institution,2018/2019,2018,2019,8709,8229.0,480.0,5.511539786427833,94.48846021357217,0.0
Alberta,University of Lethbridge,Institution,2019/2020,2019,2020,8949,8391.0,561.0,6.268856855514583,93.76466644317802,-3.0
Alberta,University of Lethbridge,Institution,2020/2021,2020,2021,8829,8319.0,510.0,5.776418620455318,94.22358137954468,0.0
Alberta,University of Lethbridge,Institution,2021/2022,2021,2022,9117,8499.0,618.0,6.77854557420204,93.22145442579796,0.0
Alberta,University of Lethbridge,Institution,2022/2023,2022,2023,8553,7722.0,831.0,9.71588916169765,90.28411083830234,0.0
Alberta,University of Lethbridge,Institution,2023/2024,2023,2024,8682,7350.0,1332.0,15.342087076710436,84.65791292328957,0.0
